{"RN ten Doeschate":{"totalRuns":4,"totalBall":27,"economy":0.8888888888888888},"J Yadav":{"totalRuns":29,"totalBall":147,"economy":1.183673469387755},"V Kohli":{"totalRuns":10,"totalBall":41,"economy":1.4634146341463414},"R Ashwin":{"totalRuns":228,"totalBall":855,"economy":1.6},"S Nadeem":{"totalRuns":43,"totalBall":160,"economy":1.6125},"Z Khan":{"totalRuns":156,"totalBall":570,"economy":1.6421052631578947},"MC Henriques":{"totalRuns":158,"totalBall":568,"economy":1.6690140845070423},"MA Starc":{"totalRuns":291,"totalBall":990,"economy":1.7636363636363637},"Parvez Rasool":{"totalRuns":31,"totalBall":105,"economy":1.7714285714285714},"Sandeep Sharma":{"totalRuns":350,"totalBall":1120,"economy":1.875}}